email,name,nameOfOrganization
info@providentlabelgroup.com,Provident Label Group,Provident Label Group
info@integritymusic.com,Integrity Music,Integrity Music
info@wordlabelgroup.com,Word Label Group,Word Label Group
info@sparrowrecords.com,Sparrow Records,Sparrow Records
info@fairtradeservices.com,Fair Trade Services,Fair Trade Services
info@inpop.com,InPop Records,InPop Records
info@centricitymusic.com,Centricity Music,Centricity Music
info@gotee.com,Gotee Records,Gotee Records
info@ferventrecords.com,Fervent Records,Fervent Records
info@essentialrecords.com,Essential Records,Essential Records
info@reunionrecords.com,Reunion Records,Reunion Records
info@sixstepsrecords.com,Sixsteps Records,Sixsteps Records
info@essentialworship.com,Essential Worship,Essential Worship
info@bethelmusic.com,Bethel Music,Bethel Music
info@elevationworship.com,Elevation Worship,Elevation Worship
info@hillsong.com,Hillsong Music,Hillsong Music
info@passionmusic.com,Passion Music,Passion Music
info@planetshakers.com,Planetshakers,Planetshakers
info@jesusculture.com,Jesus Culture,Jesus Culture
info@upperroom.com,Upper Room,Upper Room
info@worshiptogether.com,Worship Together,Worship Together
info@integritylatin.com,Integrity Latin,Integrity Latin
info@maranathamusic.com,Maranatha Music,Maranatha Music
info@spiritandtruth.com,Spirit and Truth,Spirit and Truth
info@lifewayworship.com,LifeWay Worship,LifeWay Worship
info@christianworldmedia.com,Christian World Media,Christian World Media
info@nashvillelife.com,Nashville Life,Nashville Life
info@anthemlights.com,Anthem Lights,Anthem Lights
info@forerunnermusic.com,Forerunner Music,Forerunner Music
info@remnantsmusic.com,Remnants Music,Remnants Music
info@kingdomrecords.com,Kingdom Records,Kingdom Records
info@gracemusicgroup.com,Grace Music Group,Grace Music Group
info@faithfulmusic.com,Faithful Music,Faithful Music
info@redeemermusic.com,Redeemer Music,Redeemer Music
info@verticalworship.com,Vertical Worship,Vertical Worship
info@northpointmusic.com,North Point Music,North Point Music
info@desperationband.com,Desperation Band,Desperation Band
info@newlifeworship.com,New Life Worship,New Life Worship
info@christianartists.com,Christian Artists,Christian Artists
info@worshipleader.com,Worship Leader Magazine,Worship Leader
info@ccmmagazine.com,CCM Magazine,CCM Magazine
info@christianitytoday.com,Christianity Today Music,Christianity Today
info@christianmusicians.com,Christian Musicians,Christian Musicians
info@indieheaven.com,Indie Heaven,Indie Heaven
info@crosswalk.com,Crosswalk Music,Crosswalk
info@believe.com,Believe Digital,Believe Digital
info@tyscot.com,Tyscot Records,Tyscot Records
info@verityrecords.com,Verity Records,Verity Records
info@zomba.com,Zomba Gospel,Zomba Gospel
info@malaco.com,Malaco Records,Malaco Records
info@blackgospel.com,Black Gospel,Black Gospel
info@oneentertainment.com,One Entertainment,One Entertainment
info@crossmovement.com,Cross Movement,Cross Movement
info@flowrecords.com,Flow Records,Flow Records
info@remnantrecords.com,Remnant Records,Remnant Records
info@kingdombuilding.com,Kingdom Building,Kingdom Building
info@worshiptraining.com,Worship Training,Worship Training
info@christianhiphopblog.com,Christian Hip Hop Blog,CHH Blog
info@reclaimmusic.com,Reclaim Music,Reclaim Music
info@legacyrecords.com,Legacy Records,Legacy Records
info@truthrecords.com,Truth Records,Truth Records
info@lightrecords.com,Light Records,Light Records
info@bensonrecords.com,Benson Records,Benson Records
info@starsong.com,Star Song,Star Song
info@myrrh.com,Myrrh Records,Myrrh Records
info@forefrontrecords.com,ForeFront Records,ForeFront Records
info@toothandnail.com,Tooth and Nail,Tooth and Nail
info@solidstate.com,Solid State Records,Solid State
info@becrecords.com,BEC Recordings,BEC Recordings
info@curb.com,Curb Records,Curb Records
info@providentfilms.com,Provident Films,Provident Films
info@affirmfilms.com,Affirm Films,Affirm Films
info@pureflix.com,Pure Flix,Pure Flix
info@k-love.com,K-LOVE,K-LOVE
info@air1.com,Air1,Air1
info@wayfm.com,WAY-FM,WAY-FM
info@klove.com,K-LOVE (alt),K-LOVE
info@thefish.com,The Fish,The Fish
info@wfrn.com,WFRN,WFRN
info@wmbw.com,WMBW,WMBW
info@christianradio.com,Christian Radio,Christian Radio
info@nrms.com,NRMS,National Religious Broadcasters
info@nab.org,NAB,National Association of Broadcasters
info@christianmusic.org,Christian Music org,Christian Music
info@singnews.com,Sing News,Sing News
info@cmnexus.com,CM Nexus,CM Nexus
info@christianrock.net,Christian Rock,Christian Rock
info@lifeway.com,LifeWay Music,LifeWay
info@broadman.com,Broadman Music,Broadman
info@brentwoodbenson.com,Brentwood-Benson,Brentwood-Benson
info@lillenas.com,Lillenas Publishing,Lillenas
info@hopepublishing.com,Hope Publishing,Hope Publishing
info@integritypublishing.com,Integrity Publishing,Integrity Publishing
info@maranathapraise.com,Maranatha Praise,Maranatha Praise
info@vineyardmusic.com,Vineyard Music,Vineyard Music
info@hillsongpublishing.com,Hillsong Publishing,Hillsong Publishing
info@bethelpublishing.com,Bethel Publishing,Bethel Publishing
info@elevationpublishing.com,Elevation Publishing,Elevation Publishing
info@passionpublishing.com,Passion Publishing,Passion Publishing
info@worshiptogetherpublishing.com,Worship Together Publishing,Worship Together Publishing
